Model,Dataset,Accuracy,AUC
LogisticRegression,Test,0.672149847811129,0.7373842492846061
LogisticRegression,Training,0.6901375000000001,0.7538168749999999
