Model,Dataset,Accuracy,AUC
LogisticRegression,Test,0.6738147381266777,0.7433866946068706
LogisticRegression,Training,0.6886749999999999,0.7551943750000001
